x,y,z,dist_surface,dist_com,dist_rolling_mean
0.0363,0.328,-0.7218,0.5744589417474922,0.7950618501693807,0.27949885
0.132,0.3915,-0.8345,0.4241779768922645,0.9283698572587284,0.4103407
-0.0542,0.3168,-0.8084,0.5694768423947398,0.8769615767341901,0.2533154
-0.2827,0.2517,-0.7835,0.5925604674325669,0.8885099675977495,0.17749448
-0.729,0.0059,-0.5087,0.39202840165968666,0.9284016452447083,0.5180954
-0.6042,0.0783,-0.6246,0.4357761217295086,0.9071713032380052,0.36053574
-0.599,0.0415,-0.6015,0.4664706621876783,0.8860551512510796,0.36544898
-0.7834,-0.0833,-0.2889,0.3657298435623041,0.8822949919775843,0.6843502
-0.7643,-0.0603,-0.3547,0.4134757141472959,0.8872155004477575,0.62812656
-0.7625,-0.1278,-0.2299,0.363427831923856,0.8510246247649776,0.7173284
-0.7533,-0.0873,-0.3214,0.40318717152045075,0.8670173334310729,0.6447543
-0.4786,0.1035,-0.6434,0.5265107460609378,0.8397325284167341,0.23160891
-0.2983,0.2422,-0.6798,0.5890459660478872,0.8003878047048044,0.1253548
-0.3717,0.28,-0.6784,0.5129110594471002,0.8430574353613534,0.19571126
-0.3468,0.2948,-0.6565,0.5185013438816487,0.8177550431934906,0.1928417
-0.0422,0.4144,-0.7612,0.5355355750705374,0.8700417596120613,0.3301982
0.0855,0.3941,-0.7948,0.464767697612965,0.8894831418195241,0.37385395
0.0951,0.4301,-0.8355,0.41077027747058986,0.9419713164204551,0.419482
0.0502,0.4183,-0.8679,0.4168313351653996,0.9648784342237301,0.40088382
-0.0319,0.3362,-0.7855,0.5585875328271498,0.8601101704357595,0.26825145
-0.2228,0.2514,-0.7504,0.6358713382641618,0.8383435067827456,0.15078396
-0.363,0.1203,-0.6848,0.6238070826654152,0.8113684738543141,0.11697444
-0.3921,0.1096,-0.6917,0.600632075527989,0.8308658992324521,0.14781143
-0.4174,0.0009,-0.6677,0.6288993595450731,0.8208902144886275,0.21153873
-0.4996,-0.0948,-0.5106,0.6369348253892547,0.7616649454073771,0.36756006
-0.7002,-0.236,-0.2453,0.42499479293828657,0.8259404580571692,0.682489
-0.6005,-0.2005,-0.2958,0.5325493945256882,0.7458998279227487,0.5790641
-0.6487,-0.2136,-0.2376,0.4755876326563685,0.7704065279779156,0.6412148
-0.625,-0.1594,-0.3859,0.5368989102640592,0.7969459769226872,0.5473245
-0.3554,-0.0062,-0.6557,0.6859862436017292,0.77818891937457,0.17185256
-0.1013,0.2081,-0.7955,0.6744630383529926,0.8415882492816245,0.14789508
-0.1627,0.1302,-0.6943,0.7632601007617329,0.7439654504939993,0.022566598
-0.3169,0.0312,-0.6754,0.7015940873214986,0.7761169924503565,0.119776465
-0.4074,-0.0784,-0.6668,0.6827729942519314,0.821318945923394,0.26080206
-0.5949,-0.1595,-0.4723,0.5714403511080731,0.8203752983519047,0.4878249
-0.6268,-0.1853,-0.4338,0.5556886585827807,0.8298975460422282,0.5408686
-0.4205,-0.054,-0.626,0.6602873144737519,0.792263310359148,0.25288242
-0.1134,0.0826,-0.7536,0.780117059309026,0.7852666466725378,0.056314327
-0.2444,0.0075,-0.6221,0.7800126679277197,0.6971505281886156,0.10132124
-0.2198,0.04,-0.6933,0.7864583873421318,0.7537961655588273,0.079326406
0.1301,0.2279,-0.7799,0.5798759870281277,0.8247469509593582,0.2914424
0.1544,0.2671,-0.9326,0.46545149336608155,0.9841505682567527,0.39711815
0.1642,0.2797,-0.9084,0.46270123180875433,0.96529064955447,0.3960652
0.0194,0.2802,-0.9204,0.5055454290855602,0.9687483033124751,0.3196773
0.2327,0.3095,-0.8877,0.43886980562948624,0.9653275261865012,0.4454265
0.3288,0.2991,-0.8954,0.4434493902215587,0.9934651802824103,0.4921878
0.2343,0.3138,-0.868,0.44592011898980244,0.948533329242222,0.44074807
0.2476,0.2873,-0.8034,0.5052671007001658,0.8836586813781775,0.40284398
0.2998,0.3192,-0.8269,0.4673017352226097,0.9284537860656915,0.46369687
0.2761,0.2863,-0.843,0.4828763954017512,0.9271298073470023,0.43116605
0.32,0.2674,-0.843,0.4983339962033854,0.934432878915505,0.44442976
0.3382,0.2726,-0.8218,0.5057899000585042,0.9221435040068052,0.4527972
0.3423,0.2516,-0.8255,0.5199911363057396,0.921574860135559,0.4430313
0.3051,0.2365,-0.8205,0.5372364429348178,0.9017336036622898,0.40611926
0.2091,0.1756,-0.7572,0.6238290496612862,0.8047477076637679,0.28186905
0.0927,0.0969,-0.7549,0.707532712364053,0.7751399625043899,0.15870935
-0.2295,-0.1379,-0.5857,0.8679965828004588,0.6785935790776777,0.15919289
-0.4639,-0.2698,-0.542,0.6921191663229485,0.8071263711474562,0.39188567
-0.511,-0.2607,-0.4234,0.6563136733795969,0.7598306772910796,0.45328754
-0.5133,-0.3018,-0.3977,0.646160478880423,0.7639182207095085,0.45582697
-0.2748,-0.1751,-0.6452,0.8403662529574019,0.7587042011230088,0.20626254
-0.0154,0.0014,-0.7739,0.7944590384069141,0.7915004102284695,0.100405134
0.1492,0.0521,-0.8792,0.6762301513943159,0.9018237108785676,0.24389216
0.1849,0.0615,-0.8379,0.6845949090229362,0.8665399171210798,0.23680179
0.0786,-0.0356,-0.7459,0.8274047007777751,0.7652067189394525,0.07892878
-0.1509,-0.2756,-0.5621,0.8112826946744596,0.6798486583804306,0.088178165
-0.4548,-0.3925,-0.253,0.5909801816328925,0.7017463296459975,0.40924793
-0.4574,-0.412,-0.1925,0.5588812938823784,0.6950283180749397,0.42018062
-0.3651,-0.4144,-0.3862,0.5986997617003714,0.7214483488974786,0.31399456
-0.1435,-0.255,-0.5946,0.8314793045876081,0.6970565608905355,0.08931969
-0.0685,-0.2342,-0.6407,0.8900509175467277,0.7151052086110753,0.08784502
-0.1106,-0.2225,-0.652,0.8775772674382224,0.7286532723601281,0.10730135
-0.4701,-0.4074,-0.3341,0.5858867778432164,0.7554128355844362,0.411504
-0.416,-0.4068,-0.3727,0.5904272674425792,0.7393591285701019,0.36219874
-0.2325,-0.3123,-0.5516,0.7363816933343909,0.7150411907243044,0.17527184
-0.3201,-0.338,-0.407,0.6812892365675178,0.6643638446081438,0.26551002
-0.2476,-0.316,-0.4729,0.7263232342521223,0.6626872710911011,0.18222103
0.165,-0.0318,-0.7247,0.79401102028606,0.7535823732900396,0.1374076
0.2674,-0.0033,-0.7543,0.6872878880718776,0.804090539054269,0.24622996
0.2623,-0.0122,-0.6774,0.7119898864407959,0.7296941227757183,0.2283059
0.2716,-0.0231,-0.6835,0.7082283833296701,0.7390945208991502,0.23663977
0.2869,-0.0258,-0.6963,0.6939630319284233,0.7563221046367793,0.25230268
0.2799,-0.0541,-0.6684,0.7168407890540561,0.7304840227299562,0.2451942
0.19,-0.1254,-0.6103,0.8223724803434156,0.662591351091314,0.18083592
0.175,-0.0909,-0.6984,0.8038246983571831,0.7369682185683561,0.14995873
0.2172,-0.0527,-0.854,0.7034386168960529,0.8916809508296676,0.252528
0.3219,0.0145,-0.8263,0.623960013870819,0.8887003217235551,0.32622507
0.1938,-0.0439,-0.7544,0.7703916554510487,0.789034309832054,0.17534702
0.2004,-0.0872,-0.7658,0.760897615937023,0.8066303241014934,0.19262132
0.1638,-0.1421,-0.6232,0.8421393127047346,0.6734063495169382,0.15954238
0.246,-0.1156,-0.6674,0.7481248547342063,0.7287378544207663,0.22291206
0.0559,-0.2527,-0.5997,0.8891352403379457,0.677211077535722,0.09793566
-0.215,-0.4472,-0.323,0.6629966346909024,0.6370152139419363,0.16264136
-0.2845,-0.5062,-0.3709,0.5642391161738887,0.7349518129122482,0.21027519
-0.3344,-0.5456,-0.3608,0.5087651866238782,0.7815629455898933,0.2545327
-0.3512,-0.5739,-0.2037,0.5498463606110278,0.750655030976366,0.29766765
-0.3717,-0.6184,-0.1712,0.5316511862610938,0.788906523086497,0.31897256
-0.337,-0.5691,-0.0894,0.6171082787448059,0.7140560992736749,0.31312096
-0.3311,-0.5804,-0.0639,0.619420852642933,0.7172697884412269,0.31367466
-0.3183,-0.6526,-0.1866,0.5277845453576627,0.7956684717488048,0.26251325
-0.1557,-0.5297,-0.3019,0.6497994532918395,0.6716761006495832,0.07925748
-0.0199,-0.4464,-0.4572,0.7719064355208447,0.6734899029095838,0.029770555
0.1992,-0.271,-0.6038,0.8060126928151488,0.7073319889003667,0.23373044
0.2778,-0.2165,-0.6307,0.7442469593457098,0.732243996893545,0.2930751
0.2924,-0.1983,-0.6471,0.7213889290239058,0.7458153022684127,0.29764718
0.2825,-0.1687,-0.6867,0.7110258615787678,0.7698502918534347,0.2768668
0.2227,-0.1903,-0.6675,0.7758522999896673,0.7411789014395087,0.23218393
0.1515,-0.2477,-0.6518,0.8192266132727705,0.7316905415509496,0.20681974
0.0599,-0.349,-0.609,0.8071435902653777,0.7307874743324169,0.14073654
-0.1074,-0.4999,-0.4614,0.670848869791301,0.7273470564875789,0.08702024
-0.2681,-0.5619,-0.2482,0.5782306365726375,0.7162377374190924,0.20294707
-0.2873,-0.5811,-0.2582,0.5496237568299998,0.7440111192087977,0.21968728
-0.3278,-0.6548,-0.2326,0.4934726627445991,0.8146363677847388,0.27320364
-0.3691,-0.6408,-0.1161,0.5576192585170295,0.7951659010668365,0.323532
-0.343,-0.6484,-0.1276,0.5569295941179666,0.7906856002340804,0.2952324
-0.3598,-0.6656,-0.1366,0.5336139013257205,0.8151831581583564,0.3098747
-0.079,-0.6112,-0.4714,0.6251799658949447,0.813413202250541,0.14733353
-0.0679,-0.5628,-0.5066,0.6598670029199933,0.7968435975525406,0.13506505
-0.1489,-0.6593,-0.4074,0.5499338005333997,0.829783526187531,0.15511413
-0.2154,-0.648,-0.2803,0.54525621334258,0.7816167675905707,0.16781992
-0.2419,-0.6569,-0.2766,0.5233860482732192,0.7968553340813128,0.19465257
-0.0753,-0.5402,-0.4367,0.6722806208928918,0.7363398835089898,0.07436863
-0.1899,-0.6317,-0.3189,0.557590893818688,0.7753559650404455,0.13769615
-0.0455,-0.5703,-0.4191,0.6811473034154615,0.7456734029229511,0.08410228
-0.0673,-0.5519,-0.3552,0.6863379097395956,0.6977858972846545,0.026098529
-0.0888,-0.5736,-0.2887,0.6766697565641598,0.6875471849961318,0.029158346
0.1425,-0.459,-0.492,0.7998485433039445,0.7125694761185662,0.1826857
0.077,-0.5355,-0.4554,0.7416281874348009,0.7369594569313165,0.14280199
0.0726,-0.5025,-0.4529,0.7726050064967204,0.7100620291847098,0.12451191
0.0878,-0.5419,-0.4116,0.7559598306405971,0.7155783231626152,0.14902855
0.083,-0.5833,-0.3562,0.7494703098486862,0.7186286964443812,0.14984438
0.1303,-0.5344,-0.4065,0.7664982377530236,0.7108627639681875,0.18451332
0.1939,-0.4597,-0.4148,0.815634507604815,0.6704894359970593,0.23346843
0.1588,-0.5665,-0.4008,0.7438749778201914,0.7375313752469158,0.22369681
0.2023,-0.5521,-0.4043,0.7601995336206323,0.7364738506330352,0.2582835
0.0877,-0.6992,-0.2689,0.7155815222929789,0.7843796831519291,0.15470676
-0.1942,-0.6966,0.0729,0.644359504811011,0.7647578926845511,0.25491843
-0.1788,-0.6962,0.0618,0.6629037855600957,0.7591019481597013,0.23665722
-0.1238,-0.7463,-0.0355,0.7019864544414056,0.7945047010505795,0.16460378
0.0031,-0.7207,-0.1812,0.7305677765331523,0.7768421951439269,0.055219468
-0.1982,-0.7664,0.105,0.6062978352933579,0.8353235552465622,0.27605468
-0.1325,-0.7825,0.038,0.6663105004025933,0.8303982979340283,0.19767179
-0.049,-0.7588,-0.0526,0.7170201755852896,0.7964785524641869,0.10866077
0.0248,-0.7304,-0.0854,0.7425501313362658,0.7672443865001616,0.043283604
-0.1155,-0.7517,0.0557,0.6995199709343131,0.797556002426267,0.17936009
-0.1704,-0.7727,0.1413,0.6137680921236532,0.8386684805495387,0.2717877
-0.1878,-0.787,0.1264,0.5981764423795004,0.8547031717417667,0.28145957
-0.0972,-0.7626,0.0554,0.6995460669608503,0.8049769081733134,0.16566677
-0.1273,-0.78,0.0594,0.6699560237269603,0.8277660249361132,0.19876789
-0.1295,-0.7467,0.0869,0.6779134415592991,0.7976588231847841,0.20436311
-0.0215,-0.7975,-0.0438,0.6761663865238378,0.8317728182877774,0.111028545
-0.0858,-0.7755,0.0198,0.6937919050490022,0.814918427430302,0.14883113
-0.0598,-0.7476,0.0174,0.719134217868669,0.7837051126096138,0.11496888
0.099,-0.7526,-0.1548,0.6722496200181873,0.8033810934081519,0.10115807
0.3289,-0.5743,-0.3248,0.6972068753505872,0.7524762239990279,0.35373703
0.3156,-0.6299,-0.2751,0.6471646860184804,0.7730414524275452,0.29227787
0.2114,-0.76,-0.1766,0.5879553361777162,0.8315826906465931,0.19248438
0.0987,-0.7949,-0.0607,0.6451344827385737,0.8307971195191834,0.1068756
0.0331,-0.7567,0.0414,0.7070825253756354,0.7872448522481925,0.06556499
-0.0052,-0.7882,0.1212,0.6746034950272333,0.8261997253376246,0.15728444
-0.0536,-0.7548,0.1268,0.7097739936283007,0.7979355633066174,0.17412661
0.0569,-0.7978,0.0274,0.6665516303605996,0.828231413235104,0.088902615
0.1315,-0.7829,-0.0322,0.6281428027990876,0.8198599235893745,0.09595639
-0.039,-0.7717,0.1046,0.6912209749102382,0.81032647756105,0.15379494
-0.0791,-0.7504,0.1816,0.6862656093663557,0.8064128704240627,0.23151465
-0.1155,-0.7141,0.2056,0.6575108577779076,0.7831261320484653,0.26988026
0.0051,-0.8015,0.0815,0.6602154536293705,0.8348401584299916,0.13129015
0.2869,-0.6459,-0.2,0.638981673302802,0.7522070276985809,0.21055685
0.263,-0.6865,-0.2287,0.6182194397761388,0.7900409122957086,0.23132086
0.3803,-0.4927,-0.2755,0.6492663218681484,0.689771103279544,0.36213747
0.3453,-0.526,-0.2019,0.6803763133551496,0.6719442306680067,0.27512196
0.2237,-0.6187,-0.111,0.6945365310882364,0.6868584651987699,0.119185284
0.2483,-0.6202,-0.1047,0.680196215939825,0.6942354061155227,0.11704218
0.1301,-0.7178,0.0455,0.6757385987855492,0.7542821447350778,0.060707826
0.01,-0.674,0.145,0.7881010074490871,0.716450297417526,0.16084383
-0.0496,-0.6996,0.2271,0.7144029761643184,0.7647250137781267,0.25462982
0.1543,-0.7203,0.0379,0.6569028709451282,0.7598548934697831,0.05519552
-0.0064,-0.704,0.2162,0.7548711810253685,0.7623211652191353,0.22891206
0.2022,-0.7112,0.0163,0.6316808987927023,0.759493834904432,0.041764356
0.0229,-0.7317,0.2528,0.7191113231833812,0.7980783225816588,0.2590592
0.0613,-0.7159,0.2136,0.7470962617106975,0.7722817458526121,0.2168932
0.1018,-0.7499,0.2082,0.7043777216074387,0.8061027676876712,0.20294026
0.36,-0.6846,-0.0757,0.5711883800016783,0.7895784154070838,0.15717751
0.4179,-0.5838,-0.1103,0.607909126680642,0.7333254154524753,0.2387533
0.5135,-0.4633,-0.2562,0.5188657701980264,0.7377376287142232,0.43763238
0.5309,-0.3782,-0.3104,0.4985447010823957,0.7188742662403225,0.4938212
0.5794,-0.3609,-0.3525,0.4514893786854225,0.7631611341827481,0.53570205
0.5943,-0.3502,-0.3364,0.4387606168837158,0.7608959952057542,0.52151346
0.5503,-0.5147,-0.2021,0.4755820917261931,0.7794823865632262,0.40098175
0.1931,-0.7285,0.2041,0.6575444005880832,0.7971719453984155,0.14074232
0.0527,-0.6947,0.3327,0.6998989151974684,0.7913931127485101,0.3056703
0.2939,-0.7246,0.2204,0.6099186833880736,0.8231860338507885,0.11379217
0.4028,-0.7018,0.0667,0.5431930973282846,0.8198455737906605,0.1245121
0.3994,-0.6475,0.0635,0.5945385264564247,0.7699454523935958,0.09311072
0.4545,-0.6178,0.0114,0.5709853645392613,0.7707917276778095,0.16128413
0.462,-0.6288,-0.023,0.5639804245480456,0.7850277272699243,0.19281977
0.2984,-0.7192,0.1672,0.5945380643022926,0.8079965319316713,0.089282714
0.2655,-0.7168,0.2031,0.6245573467224899,0.803330788441788,0.105347335
0.3888,-0.6836,0.0995,0.5700939400693942,0.800146563764139,0.0906168
0.4175,-0.6036,0.0054,0.6076885324153556,0.7392406734118979,0.14319976
0.43,-0.6431,0.0061,0.5855224127940062,0.7795867654861712,0.15293114
0.2674,-0.7301,0.176,0.6045993371745993,0.8104411766757825,0.10008054
0.0814,-0.7089,0.3553,0.6723796624091394,0.8146597429553948,0.30243257
0.0713,-0.6924,0.3671,0.6825085147072907,0.8043149300404058,0.31233907
0.3021,-0.7185,0.2046,0.6051119416565386,0.816404120426714,0.102957755
0.338,-0.6551,0.1513,0.6265531006978419,0.7606595571407102,0.045491695
0.1481,-0.7479,0.3424,0.6401752664219412,0.851236869724216,0.26202062
0.1044,-0.7103,0.3928,0.6510970199894545,0.8337968202658866,0.30755535
0.1445,-0.7485,0.3621,0.6295481192430736,0.8590838875052937,0.27611268
0.1269,-0.7168,0.3489,0.6643962490833848,0.8229285166173032,0.26686776
0.1706,-0.7228,0.3576,0.6536111203353785,0.8377700876436572,0.24517691
0.1659,-0.721,0.3653,0.6513900230034718,0.8385985828743603,0.25243667
0.1937,-0.7159,0.3251,0.6766875346742632,0.822820017337483,0.20689577
0.2204,-0.7257,0.3283,0.666991563847167,0.8383466214593914,0.19894281
0.2177,-0.719,0.3308,0.6714974338963536,0.8326643715324362,0.19846138
0.2975,-0.706,0.2503,0.6343006390865957,0.815429530987382,0.10711251
0.4396,-0.547,0.0221,0.5867914411332958,0.7037039583304203,0.15618469
0.5703,-0.3588,-0.2086,0.46196813996189595,0.6970147801148192,0.40567717
0.585,-0.361,-0.2099,0.44724375578300724,0.7099474137549412,0.41242796
0.3976,-0.5196,0.0631,0.6277987278705385,0.6591687675319267,0.122517064
0.1207,-0.6296,0.3328,0.7486994409988994,0.7368834770871976,0.24327777
0.1914,-0.5752,0.3144,0.7873069948270991,0.6925848914459993,0.1744509
0.3003,-0.5847,0.2467,0.72510865713018,0.7077063300690081,0.06384433
0.2347,-0.5755,0.2922,0.7695845562586036,0.6946219725448322,0.13053747
0.5754,-0.4359,-0.0495,0.4515169974195593,0.7150264723395331,0.30786642
0.5123,-0.4836,0.057,0.5145971670480475,0.701112125071296,0.21185462
0.5285,-0.4647,0.0397,0.49943323481722696,0.6978669645136505,0.22494563
0.4575,-0.5428,0.2022,0.5691935931442491,0.7348286761850902,0.13694565
0.4427,-0.5371,0.1968,0.5834481484429781,0.7205950743730964,0.12171876
0.5083,-0.5311,0.1363,0.5179205995036217,0.7427818787229855,0.17826948
0.4259,-0.6174,0.2574,0.599377382562466,0.7931665256871213,0.116311505
0.3763,-0.5742,0.2934,0.650740932241283,0.7467517231980174,0.11748285
0.5112,-0.5107,0.1335,0.515105452745859,0.7289146298627203,0.18763386
0.4652,-0.5201,0.1956,0.5606189932890064,0.7201326312270053,0.13917118
0.3733,-0.522,0.2371,0.6520300022751866,0.6834524824707641,0.07601809
0.1785,-0.5769,0.4119,0.7297880745359259,0.7387417017161018,0.26000783
0.134,-0.5457,0.3911,0.7757389648607158,0.694374796854355,0.2673091
0.3071,-0.5488,0.3328,0.7066145451131051,0.7133542766998797,0.14330561
0.521,-0.4358,0.0847,0.5041350842379729,0.675391965041768,0.18497877
0.7198,-0.2375,-0.0958,0.36240615754273636,0.7417620409884141,0.35815236
0.0986,-0.1951,0.1773,0.9565332507859367,0.28415485020030756,0.30801612
0.0433,-0.1338,0.1548,0.9544966699877377,0.21529642972576474,0.38524315
0.0261,-0.012,0.1055,0.9979487194304174,0.10009612756506903,0.43281856
0.0936,-0.0256,0.1949,1.0072659989540138,0.1963402120040345,0.35534173
0.2293,0.0567,0.0519,0.8824356130567237,0.19756399749975617,0.29045728
0.6059,-0.0277,-0.0585,0.5064872660233699,0.5765991827769904,0.27564362
0.675,0.0607,-0.1226,0.4376240345992488,0.6534805906050645,0.4012968
0.7161,0.2549,-0.1139,0.431709800352504,0.7269415886135998,0.49660373
0.345,0.0443,0.4284,0.6763423568327013,0.5154558336031712,0.16215624
0.3786,0.0317,0.4496,0.6352894345198635,0.5525276627172521,0.17153078
0.2551,-0.032,0.4159,0.7437330427460518,0.4603037608199844,0.24967907
0.7729,0.2646,-0.0063,0.3842165951802999,0.7726825055233641,0.46844122
0.7398,0.3596,-0.1369,0.34416741858844485,0.7910150027192877,0.57864887
0.7043,0.3548,-0.1896,0.36004401038449424,0.769901466371273,0.5959603
0.7337,0.3365,-0.0657,0.38191833070551856,0.7654203687509629,0.5170102
0.6564,0.2499,0.2035,0.4995751740302607,0.6836643516125546,0.26372904
0.3252,0.0467,0.5665,0.6166424564274972,0.6221902773660242,0.26157144
0.229,0.0109,0.6515,0.6641569077689856,0.6647827878675852,0.32854626
0.2762,0.021,0.6041,0.6386773964061323,0.6355659839231437,0.3003866
0.6437,0.2639,0.1886,0.512619168318674,0.6728968215897471,0.26540166
0.7168,0.3318,0.0279,0.4275122554253771,0.7438657832093479,0.4387075
0.7178,0.3825,-0.0907,0.3396874441415144,0.773916703792235,0.5441072
0.7451,0.4314,-0.2415,0.27389632884418746,0.8534894308390361,0.69324446
0.7428,0.4351,-0.2541,0.270824320840241,0.8572086028223701,0.70325047
0.71,0.4329,-0.1654,0.28780741889007294,0.8049047943634381,0.61911553
0.641,0.3747,0.0865,0.456395660114441,0.6990367587561925,0.37439206
0.364,0.1373,0.5523,0.6180757509341102,0.6377746818679528,0.16491479
0.299,0.0752,0.6764,0.605125667059222,0.7125199869885784,0.25984508
0.3115,0.094,0.6957,0.5937603790457066,0.736430470482187,0.24932268
0.2065,0.0398,0.7042,0.6766381604860019,0.7094750504230577,0.325979
0.2784,0.1144,0.701,0.6291248100803708,0.7317889307382799,0.23907916
0.3727,0.1464,0.6303,0.5804014932264426,0.7102150386932906,0.18047066
0.4858,0.2406,0.5345,0.5102397842302702,0.7178253270694137,0.10428118
0.2538,0.1341,0.6602,0.6687669554650657,0.6882344806585967,0.21181399
0.5573,0.3594,0.2532,0.612894432226693,0.6601110698541764,0.19913094
0.5933,0.4113,0.1597,0.503380632005024,0.6896691178430011,0.3103778
0.574,0.4032,0.2727,0.597298566516812,0.7027273502859511,0.21497282
0.5742,0.3506,0.3653,0.5436333136551953,0.7167947793163841,0.1416837
0.4153,0.236,0.611,0.5473150003083403,0.7350695853186949,0.1153446
0.1567,0.0726,0.7595,0.6400944762557667,0.7549224975130897,0.34587854
0.1625,0.073,0.7513,0.6478983864257647,0.7478151863119548,0.33873516
0.3666,0.2065,0.6721,0.5826047631485924,0.7557084123183033,0.1451704
0.1871,0.1344,0.8167,0.6391415814165395,0.8219405348894802,0.32653716
0.3709,0.2717,0.6889,0.5742176979469817,0.7896523016426245,0.1212451
0.1363,0.1268,0.8064,0.6436146848050318,0.8031096527105283,0.34851727
0.2251,0.1968,0.7345,0.6802153297999116,0.7618157957014488,0.2171969
0.3884,0.3236,0.6282,0.5686044483578667,0.7650034648038571,0.07313486
0.4707,0.3756,0.4805,0.5509613099210973,0.7237767834528087,0.10145426
0.3992,0.349,0.5461,0.5840011628442976,0.7173575527373346,0.046602953
0.3072,0.3042,0.6499,0.6440256276330937,0.7421660166809354,0.067964256
0.3705,0.3355,0.5908,0.595797083986288,0.7318836815662512,0.037850413
0.3421,0.3112,0.6242,0.6149357400608706,0.736763531054814,0.04251789
0.3712,0.332,0.5178,0.6208029297541428,0.6747651271218477,0.0169182
0.4275,0.3879,0.5435,0.5601010269622066,0.7479803873206893,0.091968425
0.3407,0.3571,0.5423,0.6400037155895705,0.6905479729028218,0.0124787055
0.4833,0.4694,0.3744,0.6039826246709562,0.7218766440866813,0.1900169
0.5313,0.5007,0.2997,0.5818268138686442,0.7393737427865995,0.25354978
0.5944,0.5377,0.2591,0.5002189398972323,0.7923321970213197,0.32483214
0.5789,0.4954,0.2871,0.5480679218789913,0.7642195341681038,0.27250782
0.5297,0.5137,0.3442,0.5934577509760005,0.7647134747121664,0.2495121
0.4518,0.4691,0.4591,0.5788038801914293,0.7494762161838567,0.15432091
0.3978,0.4729,0.5603,0.5819666313353524,0.7894544508134457,0.10711138
0.103,0.2717,0.8274,0.6959828349810557,0.8498017822616519,0.3313418
0.111,0.2867,0.7785,0.7412391186491842,0.8085347232972677,0.2896217
0.1547,0.3016,0.7532,0.753731466348442,0.7949846144808453,0.23921017
0.0472,0.2515,0.8453,0.650242328111659,0.8590391224199336,0.3860053
0.0944,0.282,0.8067,0.712922284701826,0.8324624429639913,0.32130212
0.1718,0.33,0.7647,0.7330764919972127,0.818321165545238,0.23539503
0.4247,0.5422,0.4415,0.6206157694902451,0.7708307497098436,0.19078176
0.3699,0.5264,0.5157,0.6310224021756833,0.7794250139827267,0.12198283
0.3262,0.5031,0.4871,0.6789133312489196,0.7279620207683796,0.084879056
0.2625,0.4607,0.5893,0.6932663776676281,0.7521296448887743,0.056587826
0.3121,0.5115,0.502,0.6867704310832418,0.7377456695427168,0.07336913
0.2403,0.4747,0.6111,0.6785235636100508,0.7706692768181148,0.081462175
0.0967,0.3934,0.7351,0.7439847017464014,0.8084552280415171,0.23258926
-0.031,0.2835,0.743,0.7020665324242729,0.7735077195168002,0.36169535
0.0574,0.3676,0.7134,0.7934018040967197,0.7756308729734719,0.24655841
0.2465,0.5465,0.5329,0.6829183513940256,0.7605451505355094,0.054633535
0.4041,0.6209,0.1862,0.5801389198534825,0.7162474885940143,0.28724793
0.4333,0.6225,0.1209,0.5176956672950995,0.7205181648755667,0.34914353
0.3858,0.6419,0.1302,0.5602284405206932,0.7135567566998122,0.30764604
0.413,0.666,0.1389,0.5414629005502396,0.7490144014356028,0.32464218
0.4006,0.6458,0.1398,0.5530720574159539,0.7258043937645448,0.31257388
0.3829,0.6774,0.1556,0.575458056038349,0.7472122172424011,0.29289922
0.3519,0.6639,0.2721,0.6108669344202792,0.7528593453658394,0.20575346
0.2703,0.6592,0.4158,0.6490139054216549,0.7813874257780548,0.12147974
0.0643,0.4852,0.6834,0.7226569263262302,0.808800395970421,0.17151588
0.0775,0.5103,0.607,0.7392609923507821,0.7630776025026353,0.10375524
0.0606,0.4874,0.6475,0.7412017572147502,0.7805762152300366,0.14643471
0.0499,0.5116,0.6732,0.7204763655300414,0.8153406392115282,0.16888162
0.0219,0.4668,0.691,0.7574916789732633,0.8046379249420416,0.20788188
0.0723,0.5334,0.6651,0.697523724098364,0.8226407323347534,0.14872292
0.0399,0.5186,0.6659,0.7263966119581483,0.8135480265951758,0.17017828
-0.0038,0.485,0.6968,0.7518242403048456,0.8203511014688704,0.22603536
-0.0184,0.4473,0.6963,0.7852676772236167,0.8005128059256045,0.24517019
0.0243,0.5213,0.6631,0.7301871549603551,0.8130329137776351,0.17976244
0.1065,0.6107,0.6082,0.6671947219272052,0.8327086542463858,0.11939769
0.1887,0.6774,0.4624,0.6512181217771874,0.8011685694522344,0.103918254
0.1755,0.6841,0.49,0.6484849235841015,0.8198766784970815,0.11978546
0.0958,0.617,0.5755,0.6845078804732599,0.8134384236359917,0.11396566
0.0197,0.569,0.6452,0.6935385533552705,0.8291118373716866,0.17777503
-0.0521,0.4862,0.677,0.7588510885914359,0.8085465352517519,0.25237584
-0.0665,0.4485,0.6794,0.7944708759072755,0.7916651554438566,0.273353
-0.0622,0.5079,0.6712,0.7413815587079812,0.8174795098601537,0.25574082
0.0494,0.6056,0.571,0.697173296504473,0.8000649280820179,0.13735092
-0.0135,0.5351,0.5866,0.7497623277356669,0.7641352969800098,0.17693305
0.0512,0.5953,0.5226,0.7322693980549425,0.7595773749845063,0.12427546
0.1068,0.6255,0.4353,0.7336981316495295,0.7319391195350852,0.056268495
0.2103,0.6882,0.308,0.663420059142957,0.7407959559454342,0.08605538
0.2431,0.7361,0.2921,0.6157885888010464,0.7858185594236826,0.14595477
0.1815,0.6967,0.3374,0.6574469642813405,0.754292472187255,0.074490614
0.2101,0.7172,0.2981,0.6408595602958906,0.7629045273431666,0.11240342
0.2513,0.7663,0.1723,0.615592941028479,0.7826582131090184,0.23714769
0.3069,0.72,-0.0248,0.5683412154105599,0.7419070252676724,0.40426433
0.3495,0.7344,-0.1473,0.5060057627108266,0.7874997836111001,0.5338734
0.3495,0.6803,-0.2387,0.504618388330993,0.7648288358186638,0.6112257
0.3324,0.7266,-0.22,0.5124028344446678,0.7923178543799977,0.5945015
0.2924,0.6836,-0.1512,0.5617389445030262,0.7211340573337259,0.5119737
0.2135,0.7445,-0.0554,0.592419627098467,0.7392742211824747,0.416627
0.2036,0.7028,-0.0563,0.6270061465563875,0.6967177725631285,0.40636408
0.1274,0.6985,0.0096,0.6263892460809863,0.6745089718383538,0.33358568
-0.0163,0.6244,0.1863,0.750932501888029,0.620687004556191,0.12099626
0.1051,0.7057,0.0469,0.6275675766303246,0.6797546410129633,0.2914087
0.1889,0.7771,-0.0047,0.5670995694801267,0.7625517495972339,0.3778304
0.1785,0.8111,0.0404,0.5494799737936935,0.7941102686999838,0.35297066
0.1453,0.7308,0.0951,0.6321815670040242,0.7134911512152046,0.26645684
-0.0622,0.6293,0.4227,0.7695418601215435,0.7313079086218789,0.10222003
-0.1061,0.5742,0.5005,0.768410972506253,0.7428919038881658,0.20217802
-0.0734,0.6771,0.4401,0.719533663188914,0.7817960388446692,0.12678097
-0.2726,0.4244,0.6227,0.7291535956436808,0.7875210737552635,0.35263115
-0.2485,0.4438,0.6183,0.7546758201690229,0.7849830126183654,0.3365606
-0.1784,0.6611,0.513,0.7043887597912596,0.8319887953900575,0.17818548
-0.0615,0.6941,0.3754,0.7158514787787129,0.7617277533319855,0.08443471
-0.1618,0.6726,0.4789,0.7032945815865852,0.8168219853638645,0.15260507
-0.1571,0.6344,0.4464,0.7438371458021995,0.7672349205271223,0.12238063
-0.0359,0.7633,0.2513,0.6572326488472527,0.7736685049166209,0.10621131
0.0227,0.7546,0.1532,0.6222709487280208,0.7376331549848416,0.18006387
0.0446,0.7858,0.1323,0.5861806132204836,0.7647308722120754,0.22039032
-0.1179,0.7019,0.4116,0.6886012350049096,0.7951830552693783,0.1123376
-0.3071,0.47,0.603,0.7193499763048647,0.8107021522642126,0.31496388
-0.2683,0.5612,0.5963,0.6874746780318521,0.8442557648559061,0.26449394
-0.0747,0.8014,0.3249,0.624837827897778,0.8385669886689449,0.13805093
-0.171,0.6998,0.463,0.6760508412933975,0.8319517544401703,0.14197554
-0.2725,0.6215,0.5646,0.6458126165609347,0.8644121021430544,0.2221968
-0.3063,0.5132,0.5852,0.6946018004727437,0.822166439253085,0.27825657
-0.3062,0.5342,0.6028,0.6792810965789648,0.8467518876567722,0.2851622
-0.3419,0.5054,0.6049,0.6769907126955312,0.8467770401409034,0.30796158
-0.2856,0.5401,0.5449,0.6914025717511493,0.8028588053839576,0.22702152
-0.3128,0.532,0.5858,0.6763909387651447,0.8364595230905675,0.2722657
-0.0623,0.8014,0.113,0.5614710856665226,0.7837667927913418,0.21784039
-0.1149,0.7839,0.2142,0.6241114497133712,0.7942412536578443,0.13888054
-0.1587,0.7729,0.32,0.6333364592787605,0.8263480932077085,0.11259226
-0.2414,0.7141,0.398,0.6492310859920264,0.8317274921987864,0.09086983
-0.3519,0.5631,0.4861,0.636537953252466,0.8105073712466985,0.1899789
-0.3576,0.5838,0.4678,0.6213322868116503,0.8166931293118177,0.1677196
-0.3038,0.6824,0.3478,0.6339398540870999,0.8075560547233215,0.053928487
-0.3317,0.6602,0.3497,0.6253779207483185,0.8029560816519654,0.0545313
-0.354,0.6821,0.3526,0.59570859753184,0.8316876134360488,0.07782908
-0.3223,0.6767,0.2813,0.6528278901766627,0.7860659701086873,0.043317083
-0.3182,0.6896,0.268,0.6554794773131679,0.7905197504815168,0.05592898
-0.0751,0.757,0.0041,0.555375796284535,0.7355716884628343,0.29373145
-0.1532,0.7295,0.0978,0.6170831615658248,0.7294665324917465,0.20804565
-0.2547,0.5684,0.3419,0.7380578468594896,0.6938858710598123,0.071234964
-0.0898,0.7289,0.0604,0.6016035395847726,0.7116309246173221,0.23173398
-0.0993,0.7496,-0.0019,0.5603895197569742,0.7324912878164739,0.2976424
-0.2434,0.6525,0.0733,0.6805944050874807,0.6850893484372975,0.19191724
-0.232,0.6444,0.0724,0.6867392329929546,0.6730260610890658,0.19884199
-0.3759,0.6334,0.1987,0.6630664177679049,0.7536933995970713,0.02967845
-0.4299,0.606,0.2001,0.6308761006920057,0.7640458205325453,0.046347313
-0.519,0.6025,0.2912,0.5468882052283138,0.8443016452818027,0.13501437
-0.528,0.5393,0.3252,0.5795974481324945,0.8212742997912449,0.16311504
-0.5072,0.5606,0.3134,0.5811031773351225,0.8163290250148852,0.13399926
-0.4884,0.5852,0.2318,0.5894072611982676,0.7943593684630257,0.10037441
-0.5233,0.5671,0.2801,0.5671977505998511,0.819982827820135,0.14133854
-0.4295,0.602,0.1626,0.6425991214883457,0.7525629812583828,0.05915977
-0.4131,0.6552,0.1419,0.6362798195021417,0.7805969400064199,0.08429608
-0.4604,0.622,0.1698,0.6052380889340051,0.7884049103329276,0.086640716
-0.4982,0.6175,0.2039,0.5687143394302638,0.8167024359102019,0.11329702
-0.4692,0.6132,0.257,0.5844337451650261,0.8090826408947884,0.0816123
-0.4858,0.4413,0.4867,0.5811848800345588,0.8152027933538076,0.2799422
-0.5188,0.4743,0.4625,0.5602216658085599,0.8403260596270388,0.2595592
-0.2916,0.6938,-0.0749,0.6082901715064597,0.7460560694461906,0.30111226
-0.113,0.8186,-0.1309,0.46648399489455367,0.8158471149240972,0.44228333
-0.2048,0.7569,-0.0199,0.5487813723767718,0.7667666454682652,0.31979638
-0.3576,0.7174,0.208,0.6434502102549049,0.8155880987667774,0.11546065
-0.5156,0.5454,0.4158,0.5747668015211325,0.855124290419,0.19691716
-0.5322,0.4738,0.4816,0.5406127441064489,0.8591999004430603,0.28038603
-0.5386,0.4218,0.5678,0.5073559431213284,0.8887764561792172,0.37224007
-0.5678,0.4341,0.4517,0.5191286287705077,0.8481602551473498,0.30163237
-0.4735,0.5013,0.3513,0.6452866711376355,0.771673462128142,0.15155756
-0.5709,0.4022,0.4761,0.506359417719418,0.8486856391564542,0.33575502
-0.5674,0.4091,0.5001,0.5000683309174224,0.8624959182732428,0.34453702
-0.5744,0.5347,0.3505,0.5502972340074035,0.8606565605698874,0.21364209
-0.5832,0.5349,0.3162,0.5445892834683258,0.8543734825346033,0.21313286
-0.5795,0.4288,0.3592,0.5566516887504444,0.8107037690562611,0.27222517
-0.5688,0.4653,0.3359,0.5804212384268617,0.8118612335418008,0.23598161
-0.5732,0.4424,0.4286,0.525263353292568,0.8444440582782653,0.28797078
-0.5468,0.3635,0.4507,0.5389257946785775,0.8009273421670412,0.33445325
-0.3735,0.6767,0.0848,0.6802513988829323,0.769027054886194,0.13594256
-0.1302,0.7298,-0.1615,0.5542300532772744,0.7408080723310425,0.45208564
-0.2117,0.7766,-0.1412,0.5082224820988231,0.8022486440914296,0.4171241
-0.1977,0.706,-0.1209,0.5793693730289149,0.7283346717523238,0.38176292
-0.1924,0.7177,-0.196,0.5653012124770509,0.7550288810150956,0.45139006
-0.1903,0.6562,-0.1914,0.6265513759142285,0.6974197915732095,0.43629876
-0.1637,0.6683,-0.2097,0.615138207181482,0.7058401807172944,0.46607664
-0.2045,0.6624,-0.1322,0.6221534887919677,0.6927329452428074,0.37862432
-0.4074,0.5057,0.1952,0.7071823409684339,0.6752862461249242,0.07834918
-0.5122,0.3823,0.4409,0.5754344752273921,0.7789329135808134,0.29993406
-0.5019,0.3534,0.4747,0.5702511028367885,0.7784072629211207,0.33595234
-0.509,0.3317,0.5202,0.5484002624140232,0.8024536495282338,0.38149783
-0.3856,0.4816,0.2695,0.7278282834466482,0.6685926132520786,0.117153704
